Name,Pose,Gold.Goldscore.Fitness,Gold.PLP.Fitness,Hbond
3nx8_1,1,42.5989,21.6149,0
3nx8_1,2,41.6169,15.8393,0
3nx8_1,3,41.4542,20.1109,0
3nx8_1,4,41.3399,21.5067,0
3nx8_1,5,37.2639,8.2241,0
3nx8_1,6,35.9444,29.0357,1
3nx8_1,7,35.3553,28.0564,1
3nx8_1,8,33.133,-1.4916,0
3nx8_1,9,31.9836,2.2752,0
3nx8_1,10,29.6558,19.4635,0
3nx8_3,1,36.8884,6.876,0
3nx8_3,2,30.7245,27.7296,1
3nx8_3,3,28.5875,23.2402,1
3nx8_3,4,27.6895,24.8138,1
3nx8_3,5,27.1654,16.4503,1
3nx8_3,6,26.8881,21.3899,1
3nx8_3,7,25.6443,25.4465,0
3nx8_3,8,25.5727,28.1302,1
3nx8_3,9,24.8751,27.0771,1
3nx8_3,10,22.5796,25.4083,0
3oxt_0,1,41.8066,45.3754,3
3oxt_0,2,41.2204,42.2175,3
3oxt_0,3,35.7999,35.3456,1
3oxt_0,4,35.5738,27.3346,1
3oxt_0,5,35.074,29.4161,0
3oxt_0,6,34.048,31.5302,0
3oxt_0,7,33.359,29.0309,0
3oxt_0,8,32.9073,31.8745,0
3oxt_0,9,31.897,27.8942,2
3oxt_0,10,31.2291,31.6733,0
3l9n_0,1,37.7998,36.6116,1
3l9n_0,2,36.7622,34.3634,1
3l9n_0,3,35.9039,33.3612,1
3l9n_0,4,35.8911,39.0879,0
3l9n_0,5,35.7664,33.8133,1
3l9n_0,6,35.4783,34.4826,0
3l9n_0,7,35.3642,37.3628,1
3l9n_0,8,35.2934,25.3633,0
3l9n_0,9,35.0651,27.4804,0
3l9n_0,10,31.7845,19.3337,1
3ovv_1,1,45.1376,40.3616,0
3ovv_1,2,44.8819,41.3697,1
3ovv_1,3,44.0167,47.9959,0
3ovv_1,4,42.8099,37.4762,0
3ovv_1,5,41.9315,46.5769,1
3ovv_1,6,39.5257,40.858,3
3ovv_1,7,39.5004,46.1877,1
3ovv_1,8,38.7986,40.5876,3
3ovv_1,9,38.7663,33.8763,0
3ovv_1,10,34.8124,33.9324,0
3oog_1,1,36.475,30.1578,2
3oog_1,2,35.1257,30.65,1
3oog_1,3,33.8716,31.3056,1
3oog_1,4,30.4377,30.798,1
3oog_1,5,29.5991,27.4796,1
3oog_1,6,28.5924,29.2542,2
3oog_1,7,28.5502,16.8125,1
3oog_1,8,28.5029,29.7267,3
3oog_1,9,28.0217,36.7174,0
3oog_1,10,27.8487,29.4514,2
3owp_1,1,41.4773,45.0632,3
3owp_1,2,40.8858,45.0205,2
3owp_1,3,35.9129,29.4008,0
3owp_1,4,33.8506,31.7854,0
3owp_1,5,33.7772,31.6305,0
3owp_1,6,33.4313,30.3596,0
3owp_1,7,33.0977,30.7198,1
3owp_1,8,33.05,31.8527,0
3owp_1,9,32.886,33.7122,0
3owp_1,10,30.9422,27.086,1
3nx8_2,1,36.2357,36.4246,0
3nx8_2,2,35.1213,37.3365,0
3nx8_2,3,35.0875,37.769,0
3nx8_2,4,34.9681,37.244,0
3nx8_2,5,34.1552,43.3094,0
3nx8_2,6,33.3637,38.1739,1
3nx8_2,7,31.5997,37.3175,0
3nx8_2,8,31.5592,36.8515,0
3nx8_2,9,31.2412,39.4351,1
3nx8_2,10,28.5809,37.2115,0
3l9n_1,1,36.0342,27.6886,1
3l9n_1,2,35.6412,33.2811,0
3l9n_1,3,34.6715,36.832,1
3l9n_1,4,34.4717,25.4669,0
3l9n_1,5,34.0348,19.9511,1
3l9n_1,6,33.2642,12.3005,1
3l9n_1,7,32.0704,27.4627,0
3l9n_1,8,31.9848,28.4153,0
3l9n_1,9,30.6267,16.6932,0
3l9n_1,10,29.1,19.1274,0
3oog_0,1,38.5825,34.5533,1
3oog_0,2,38.0708,41.9061,1
3oog_0,3,37.8828,38.5793,1
3oog_0,4,37.6105,35.304,1
3oog_0,5,34.0307,35.4446,1
3oog_0,6,33.7251,31.2929,0
3oog_0,7,31.4061,25.5579,0
3oog_0,8,31.2438,29.1052,0
3oog_0,9,31.1614,29.694,0
3oog_0,10,30.8966,32.3958,0
3ovv_2,1,44.8501,41.2883,0
3ovv_2,2,44.824,47.9855,0
3ovv_2,3,44.152,42.8346,1
3ovv_2,4,43.7566,43.6205,0
3ovv_2,5,43.6058,39.4818,1
3ovv_2,6,42.9041,45.1982,2
3ovv_2,7,41.0816,38.8438,1
3ovv_2,8,40.2279,39.3289,0
3ovv_2,9,38.8079,33.8125,0
3ovv_2,10,37.7782,33.7119,0
3ovv_0,1,47.4787,47.8794,0
3ovv_0,2,46.7447,41.0187,0
3ovv_0,3,46.0682,49.2074,0
3ovv_0,4,45.4085,47.8169,0
3ovv_0,5,42.7372,47.6577,0
3ovv_0,6,42.6463,48.0712,0
3ovv_0,7,42.5849,40.2291,0
3ovv_0,8,42.3872,39.1258,0
3ovv_0,9,39.0435,33.5117,0
3ovv_0,10,38.9785,33.4709,0
3oxt_1,1,44.3362,45.649,3
3oxt_1,2,39.0019,39.9141,3
3oxt_1,3,33.9706,33.5655,2
3oxt_1,4,33.9068,28.6771,3
3oxt_1,5,33.3138,30.7195,3
3oxt_1,6,33.2671,35.7321,0
3oxt_1,7,31.1146,31.7791,0
3oxt_1,8,30.0971,31.4079,0
3oxt_1,9,29.7311,32.8735,1
3oxt_1,10,29.3636,15.0739,1
3mvj_0,1,41.1787,32.1014,1
3mvj_0,2,41.0973,35.3809,1
3mvj_0,3,39.6363,32.361,0
3mvj_0,4,38.9721,32.1323,1
3mvj_0,5,37.7469,36.5316,1
3mvj_0,6,37.3245,21.6581,1
3mvj_0,7,37.3217,42.8182,1
3mvj_0,8,35.8357,31.9987,1
3mvj_0,9,35.6243,34.2346,0
3mvj_0,10,32.2594,35.6624,1
3mvj_2,1,32.8437,26.0685,0
3mvj_2,2,32.1136,-9.9677,1
3mvj_2,3,31.1432,24.138,1
3mvj_2,4,30.3213,25.6271,0
3mvj_2,5,29.3251,26.6031,1
3mvj_2,6,27.0917,24.3427,1
3mvj_2,7,26.401,23.9584,0
3mvj_2,8,25.6413,23.4199,1
3mvj_2,9,24.51,22.9182,0
3mvj_2,10,21.3924,23.4548,0
3mvj_4,1,37.6343,23.201,0
3mvj_4,2,35.5495,35.4658,2
3mvj_4,3,34.8204,16.4077,0
3mvj_4,4,32.5068,37.3093,1
3mvj_4,5,32.2089,25.2685,0
3mvj_4,6,31.7064,40.7449,2
3mvj_4,7,31.5216,25.545,1
3mvj_4,8,28.0595,17.7693,1
3mvj_4,9,27.2219,24.0974,1
3mvj_4,10,26.314,26.5426,0
3nx8_0,1,42.1229,24.6502,1
3nx8_0,2,41.9585,19.4476,0
3nx8_0,3,41.647,20.356,0
3nx8_0,4,41.3847,22.2312,1
3nx8_0,5,39.4011,17.5116,0
3nx8_0,6,36.103,29.1423,1
3nx8_0,7,35.8009,11.3264,0
3nx8_0,8,34.7992,15.6758,0
3nx8_0,9,34.7372,29.0078,1
3nx8_0,10,34.2082,15.5672,0
3mvj_1,1,35.6965,25.6485,1
3mvj_1,2,35.3212,31.1095,1
3mvj_1,3,35.0545,36.9845,2
3mvj_1,4,33.7382,14.3638,1
3mvj_1,5,33.4157,24.6254,0
3mvj_1,6,33.1545,26.2051,1
3mvj_1,7,30.9589,34.1491,0
3mvj_1,8,30.6097,22.9326,1
3mvj_1,9,30.5497,9.4177,0
3mvj_1,10,26.8989,33.91,1
3mvj_3,1,38.6523,31.4333,1
3mvj_3,2,38.3911,30.132,1
3mvj_3,3,36.6136,21.2921,1
3mvj_3,4,35.0319,36.5439,1
3mvj_3,5,34.0979,4.5742,0
3mvj_3,6,33.433,25.9985,1
3mvj_3,7,32.8304,25.2125,3
3mvj_3,8,32.5961,30.3625,3
3mvj_3,9,30.8518,28.3169,1
3mvj_3,10,28.0227,12.7285,0
4uch_0,1,46.2077,35.1657,0
4uch_0,2,43.738,33.79,0
4uch_0,3,43.184,33.2558,1
4uch_0,4,39.2377,26.4061,2
4uch_0,5,38.4894,24.7902,2
4uch_0,6,36.1463,18.8237,1
4uch_0,7,35.1081,27.5213,1
4uch_0,8,31.763,23.8129,1
4uch_0,9,31.5126,27.1431,1
4uch_0,10,29.5467,19.9331,1
4uh5_0,1,48.5111,43.0483,0
4uh5_0,2,41.6785,29.3079,1
4uh5_0,3,39.5412,30.4089,0
4uh5_0,4,37.7181,32.8626,0
4uh5_0,5,37.5449,27.4665,0
4uh5_0,6,36.2945,35.4038,1
4uh5_0,7,35.8738,26.2229,1
4uh5_0,8,35.3731,27.215,0
4uh5_0,9,33.4194,31.0787,0
4uh5_0,10,32.9599,28.598,1
4uh6_0,1,43.2876,24.942,1
4uh6_0,2,42.6916,25.2816,1
4uh6_0,3,37.9978,27.669,1
4uh6_0,4,37.6906,28.4501,1
4uh6_0,5,34.0104,21.3566,1
4uh6_0,6,32.8603,32.4076,1
4uh6_0,7,32.4153,18.1536,1
4uh6_0,8,32.0742,14.526,1
4uh6_0,9,30.5271,25.1736,1
4uh6_0,10,26.907,28.4599,1
5adf_1,1,37.7648,34.3583,2
5adf_1,2,36.9947,8.2949,0
5adf_1,3,35.1123,35.2188,1
5adf_1,4,34.5342,20.5211,1
5adf_1,5,34.5158,11.628,1
5adf_1,6,33.906,13.1802,1
5adf_1,7,33.5514,18.1829,1
5adf_1,8,31.5274,29.7246,1
5adf_1,9,28.1915,36.8043,0
5adf_1,10,28.0721,18.8927,1
5adg_1,1,37.8948,38.5352,1
5adg_1,2,35.9951,30.5926,0
5adg_1,3,34.4558,27.5683,0
5adg_1,4,31.7365,33.6298,0
5adg_1,5,26.9641,20.8199,0
5adg_1,6,25.7446,32.7881,0
5adg_1,7,15.5708,-16.7148,1
5adg_1,8,12.2037,-17.08,1
5adg_1,9,1.835,1.8469,0
5adg_1,10,-25.0722,5.5275,1
5adg_3,1,23.1521,18.1904,1
5adg_3,2,22.3349,27.9216,2
5adg_3,3,21.8084,19.1607,1
5adg_3,4,21.2445,11.7169,1
5adg_3,5,21.2212,21.8917,1
5adg_3,6,21.064,11.7755,1
5adg_3,7,18.8012,15.2342,0
5adg_3,8,18.6901,15.1627,1
5adg_3,9,17.9239,12.5933,1
5adg_3,10,10.1094,1.3294,1
7rmh_0,1,40.3651,21.769,0
7rmh_0,2,38.9529,36.6575,0
7rmh_0,3,36.4221,35.2022,0
7rmh_0,4,34.5929,39.9952,0
7rmh_0,5,33.9882,22.7722,0
7rmh_0,6,33.7423,40.2128,0
7rmh_0,7,32.0557,37.1637,0
7rmh_0,8,31.6543,36.6657,0
7rmh_0,9,29.32,33.2799,1
7rmh_0,10,28.8745,37.0986,0
7rmh_cavity_0,1,37.4284,31.4805,2
7rmh_cavity_0,2,36.9867,32.4519,1
7rmh_cavity_0,3,34.6567,33.4083,1
7rmh_cavity_0,4,34.4774,29.4582,0
7rmh_cavity_0,5,34.362,35.943,0
7rmh_cavity_0,6,32.8619,29.7244,1
7rmh_cavity_0,7,32.4168,30.6465,1
7rmh_cavity_0,8,31.9731,31.1713,1
7rmh_cavity_0,9,31.9429,29.7122,1
7rmh_cavity_0,10,31.0642,22.1853,0
7rmh_cavity_1,1,32.9711,35.4774,2
7rmh_cavity_1,2,32.1167,28.09,3
7rmh_cavity_1,3,32.0009,23.098,0
7rmh_cavity_1,4,30.2055,26.2217,1
7rmh_cavity_1,5,29.9154,27.0427,1
7rmh_cavity_1,6,29.708,25.987,1
7rmh_cavity_1,7,29.0129,27.5234,1
7rmh_cavity_1,8,28.3832,16.9787,1
7rmh_cavity_1,9,28.3205,17.4364,1
7rmh_cavity_1,10,27.7983,27.3604,1
7rmh_cavity_5,1,28.0944,18.1001,1
7rmh_cavity_5,2,23.6137,24.9312,0
7rmh_cavity_5,3,22.0423,23.4944,0
7rmh_cavity_5,4,17.5312,13.381,0
7rmh_cavity_5,5,17.45,20.3806,0
7rmh_cavity_5,6,15.6323,11.0739,1
7rmh_cavity_5,7,15.5715,25.0653,2
7rmh_cavity_5,8,15.0937,20.6197,1
7rmh_cavity_5,9,14.8145,19.9908,1
7rmh_cavity_5,10,11.6278,11.9543,0
7rmi_0,1,40.3531,29.4687,0
7rmi_0,2,35.605,38.4225,1
7rmi_0,3,33.9999,31.6695,0
7rmi_0,4,32.3082,28.4052,0
7rmi_0,5,31.9657,20.6705,0
7rmi_0,6,30.7629,35.3726,1
7rmi_0,7,30.5779,27.4875,0
7rmi_0,8,30.1964,29.0329,0
7rmi_0,9,29.6213,33.9096,2
7rmi_0,10,27.5132,32.6314,1
4uch_1,1,39.5536,24.4107,1
4uch_1,2,38.5643,15.5968,1
4uch_1,3,36.7285,21.6519,0
4uch_1,4,36.6505,11.2244,1
4uch_1,5,36.2362,11.5012,2
4uch_1,6,34.4463,-3.2612,2
4uch_1,7,34.0825,23.336,1
4uch_1,8,33.3849,18.3017,1
4uch_1,9,32.9527,23.4504,1
4uch_1,10,29.8289,25.2142,0
4uh5_1,1,39.4026,31.6027,0
4uh5_1,2,38.1361,30.2739,0
4uh5_1,3,38.0554,28.5908,1
4uh5_1,4,36.1381,35.8651,0
4uh5_1,5,36.0373,31.6815,0
4uh5_1,6,35.4113,33.2535,0
4uh5_1,7,34.0371,28.3722,1
4uh5_1,8,32.3191,13.8788,0
4uh5_1,9,32.1485,26.718,1
4uh5_1,10,31.2741,2.0544,1
7rmi_cavity_0,1,39.4645,26.8273,3
7rmi_cavity_0,2,38.1499,28.5136,0
7rmi_cavity_0,3,36.1413,30.6424,2
7rmi_cavity_0,4,36.0864,21.7552,0
7rmi_cavity_0,5,35.2204,42.6233,3
7rmi_cavity_0,6,33.6819,32.0591,2
7rmi_cavity_0,7,33.5396,42.5497,2
7rmi_cavity_0,8,33.2773,28.1948,0
7rmi_cavity_0,9,32.4734,31.2697,2
7rmi_cavity_0,10,30.802,30.1411,1
7rmi_cavity_5,1,15.2239,17.7266,0
7rmi_cavity_5,2,10.7027,13.4675,0
7rmi_cavity_5,3,7.5744,30.3447,0
7rmi_cavity_5,4,5.0295,19.8238,0
7rmi_cavity_5,5,0.0,-159.5832,0
7rmi_cavity_5,6,0.0,12.6346,0
7rmi_cavity_5,7,0.0,-47.8591,0
7rmi_cavity_5,8,0.0,-19.4137,0
7rmi_cavity_5,9,0.0,14.5516,0
7rmi_cavity_5,10,0.0,17.7256,0
7rmi_cavity_7,1,37.0767,29.0624,0
7rmi_cavity_7,2,36.7054,26.846,1
7rmi_cavity_7,3,35.7474,33.4482,1
7rmi_cavity_7,4,35.5212,22.3824,0
7rmi_cavity_7,5,35.5067,24.8805,0
7rmi_cavity_7,6,34.3296,27.5348,1
7rmi_cavity_7,7,34.2347,31.8757,1
7rmi_cavity_7,8,33.2088,11.2879,0
7rmi_cavity_7,9,32.2905,16.5653,0
7rmi_cavity_7,10,32.1199,26.1368,1
7rmi_cavity_6,1,36.407,26.3116,0
7rmi_cavity_6,2,31.8565,30.9856,0
7rmi_cavity_6,3,31.5599,28.4626,0
7rmi_cavity_6,4,31.0665,29.4474,0
7rmi_cavity_6,5,31.0479,29.969,0
7rmi_cavity_6,6,30.8053,35.3679,0
7rmi_cavity_6,7,29.7376,32.1316,0
7rmi_cavity_6,8,28.0789,32.087,0
7rmi_cavity_6,9,27.3252,37.81,0
7rmi_cavity_6,10,26.464,27.7573,0
4uh6_1,1,41.4661,18.9008,1
4uh6_1,2,41.3869,14.3427,0
4uh6_1,3,40.8897,24.7079,2
4uh6_1,4,40.4373,36.4881,0
4uh6_1,5,38.3197,23.5976,2
4uh6_1,6,38.0343,27.9479,0
4uh6_1,7,36.7775,22.9376,1
4uh6_1,8,35.3594,33.0554,1
4uh6_1,9,32.3108,21.0114,1
4uh6_1,10,31.5646,6.7059,1
5adg_0,1,59.0684,53.3274,0
5adg_0,2,57.8699,49.9589,0
5adg_0,3,38.1135,40.106,0
5adg_0,4,36.2304,21.3706,2
5adg_0,5,35.9521,33.4795,1
5adg_0,6,35.6861,32.1473,1
5adg_0,7,33.6412,23.5738,0
5adg_0,8,31.0731,16.7041,1
5adg_0,9,27.886,28.3505,2
5adg_0,10,26.3423,21.2963,1
5adg_2,1,59.1623,50.4117,0
5adg_2,2,58.712,53.8621,0
5adg_2,3,42.3822,37.5804,1
5adg_2,4,41.3211,34.435,2
5adg_2,5,39.4962,35.5806,2
5adg_2,6,38.1263,39.4126,1
5adg_2,7,31.9379,25.6406,2
5adg_2,8,31.5971,-9.7362,1
5adg_2,9,30.7076,15.9098,0
5adg_2,10,24.2417,28.8515,1
4v3u_6,1,32.2613,26.4647,0
4v3u_6,2,30.3426,27.3762,0
4v3u_6,3,28.8048,19.1388,0
4v3u_6,4,28.559,23.3337,0
4v3u_6,5,28.4527,21.8207,0
4v3u_6,6,28.3319,23.997,0
4v3u_6,7,27.7911,24.7247,0
4v3u_6,8,27.3442,20.4417,0
4v3u_6,9,25.6532,20.377,0
4v3u_6,10,24.4692,21.8905,0
4d1n_4,1,42.2874,12.1468,0
4d1n_4,2,38.7776,31.6793,0
4d1n_4,3,38.6166,34.6277,1
4d1n_4,4,37.0125,14.372,1
4d1n_4,5,36.7596,33.3521,0
4d1n_4,6,35.5801,32.0297,0
4d1n_4,7,33.6457,15.4893,3
4d1n_4,8,27.2571,10.8789,0
4d1n_4,9,26.8727,15.4954,1
4d1n_4,10,25.0822,18.2072,0
4d1n_6,1,40.6752,33.4961,1
4d1n_6,2,37.3466,25.7704,2
4d1n_6,3,35.8245,35.0327,0
4d1n_6,4,34.9911,27.4223,0
4d1n_6,5,34.3045,38.9074,1
4d1n_6,6,33.2977,26.9039,1
4d1n_6,7,30.5978,34.2213,0
4d1n_6,8,28.839,34.9561,0
4d1n_6,9,28.3034,30.3028,2
4d1n_6,10,27.542,24.179,0
4d1n_0,1,41.1424,21.8429,0
4d1n_0,2,40.8871,25.7343,0
4d1n_0,3,36.6864,19.8431,1
4d1n_0,4,35.925,16.8197,0
4d1n_0,5,35.4019,16.0159,0
4d1n_0,6,34.5033,20.3665,1
4d1n_0,7,34.0558,20.4465,1
4d1n_0,8,33.4257,16.413,1
4d1n_0,9,31.929,19.948,1
4d1n_0,10,30.0635,21.2293,1
4d1n_2,1,44.1082,-13.0753,0
4d1n_2,2,43.9524,-11.0538,0
4d1n_2,3,38.9094,30.0226,0
4d1n_2,4,37.534,-48.5403,0
4d1n_2,5,36.7807,-12.5068,1
4d1n_2,6,33.7687,27.6777,2
4d1n_2,7,32.9287,22.9346,1
4d1n_2,8,32.6365,4.3685,1
4d1n_2,9,32.3503,24.1845,1
4d1n_2,10,31.5233,23.1183,1
4d1n_8,1,44.2135,-4.6244,0
4d1n_8,2,41.6734,16.7214,0
4d1n_8,3,41.3255,-50.9417,0
4d1n_8,4,36.3929,34.7833,0
4d1n_8,5,34.1513,30.9667,0
4d1n_8,6,33.9883,22.4645,1
4d1n_8,7,33.2988,17.5891,1
4d1n_8,8,33.0865,18.6059,1
4d1n_8,9,31.7979,16.415,0
4d1n_8,10,26.4667,14.2862,0
4v3u_0,1,41.3789,-12.4331,0
4v3u_0,2,39.3916,19.6051,1
4v3u_0,3,38.841,26.0887,0
4v3u_0,4,38.7055,17.8568,0
4v3u_0,5,38.5849,35.6971,0
4v3u_0,6,37.4022,17.1448,1
4v3u_0,7,37.3308,25.0193,1
4v3u_0,8,34.8146,18.5982,0
4v3u_0,9,34.0967,28.4758,0
4v3u_0,10,33.9759,21.7267,1
4v3u_4,1,44.3694,29.436,1
4v3u_4,2,44.2104,32.5397,0
4v3u_4,3,40.1914,29.4466,2
4v3u_4,4,40.0479,28.725,2
4v3u_4,5,39.9919,29.6011,0
4v3u_4,6,39.3531,21.6957,0
4v3u_4,7,35.2004,30.1081,0
4v3u_4,8,34.6263,12.0284,1
4v3u_4,9,33.5367,19.0084,0
4v3u_4,10,29.8458,23.8623,1
4v3u_2,1,39.7903,31.2455,0
4v3u_2,2,38.958,19.8939,1
4v3u_2,3,38.7491,24.5631,2
4v3u_2,4,38.6557,24.3355,2
4v3u_2,5,37.3209,27.106,1
4v3u_2,6,37.0122,14.4036,1
4v3u_2,7,32.8578,12.2069,2
4v3u_2,8,31.7137,29.4876,0
4v3u_2,9,29.6625,19.0141,1
4v3u_2,10,25.8241,17.3253,1
4v3u_8,1,34.1561,29.8929,1
4v3u_8,2,29.8643,22.9051,2
4v3u_8,3,26.6023,23.2055,1
4v3u_8,4,26.5915,30.6192,1
4v3u_8,5,25.4652,29.8617,2
4v3u_8,6,22.3424,13.7333,1
4v3u_8,7,21.6324,16.5343,1
4v3u_8,8,21.3611,16.7634,2
4v3u_8,9,19.7492,20.4733,2
4v3u_8,10,17.2785,17.3226,1
5adf_0,1,58.9003,49.7995,0
5adf_0,2,50.5569,50.628,0
5adf_0,3,40.7715,32.6962,0
5adf_0,4,38.3657,33.2427,0
5adf_0,5,33.1455,22.9476,0
5adf_0,6,33.0368,28.1945,0
5adf_0,7,32.6498,17.1363,1
5adf_0,8,32.4917,15.8253,1
5adf_0,9,30.4171,28.3145,0
5adf_0,10,27.89,32.9317,0
4v3u_7,1,41.4383,35.5509,0
4v3u_7,2,38.7131,35.4649,0
4v3u_7,3,38.2348,10.0263,1
4v3u_7,4,37.5932,26.1648,2
4v3u_7,5,34.9091,28.1586,1
4v3u_7,6,34.7162,21.9288,1
4v3u_7,7,29.5738,31.3746,0
4v3u_7,8,29.4961,21.0828,1
4v3u_7,9,28.5745,17.5065,0
4v3u_7,10,27.3406,22.5479,1
4d1n_7,1,32.408,17.685,0
4d1n_7,2,28.6716,22.1344,0
4d1n_7,3,28.152,20.9506,0
4d1n_7,4,28.1511,25.6714,0
4d1n_7,5,27.6391,21.6465,0
4d1n_7,6,27.6161,26.6558,0
4d1n_7,7,27.452,22.6154,0
4d1n_7,8,26.6133,22.8945,0
4d1n_7,9,26.5164,18.4194,0
4d1n_7,10,25.5444,23.2512,0
4d1n_3,1,33.4743,30.0949,1
4d1n_3,2,32.0452,33.6951,1
4d1n_3,3,31.9361,28.9449,1
4d1n_3,4,31.2327,33.1749,0
4d1n_3,5,30.6056,29.2637,0
4d1n_3,6,30.3143,35.6147,0
4d1n_3,7,30.2559,31.9837,1
4d1n_3,8,28.2723,34.4539,0
4d1n_3,9,28.0299,34.2159,0
4d1n_3,10,27.2803,26.911,1
4d1n_1,1,31.5629,35.9957,0
4d1n_1,2,31.3481,33.5524,0
4d1n_1,3,29.8894,32.253,0
4d1n_1,4,25.5773,24.894,0
4d1n_1,5,25.2672,20.9627,0
4d1n_1,6,25.1354,20.0979,0
4d1n_1,7,23.9444,20.8407,1
4d1n_1,8,19.7109,12.2699,0
4d1n_1,9,19.092,17.5836,0
4d1n_1,10,14.8561,14.9682,0
4d1n_5,1,32.9546,26.0134,2
4d1n_5,2,32.3548,25.3619,2
4d1n_5,3,30.7796,35.8177,0
4d1n_5,4,30.5403,27.2653,2
4d1n_5,5,28.8726,27.7665,1
4d1n_5,6,28.541,32.1057,2
4d1n_5,7,26.941,29.2677,1
4d1n_5,8,26.1916,25.2699,1
4d1n_5,9,21.5809,23.6345,1
4d1n_5,10,17.4971,16.6711,1
4d1n_9,1,37.2915,39.9799,1
4d1n_9,2,33.1331,28.6446,2
4d1n_9,3,32.6302,31.4109,2
4d1n_9,4,31.2757,30.4114,2
4d1n_9,5,28.4253,25.1661,3
4d1n_9,6,27.8497,28.7494,1
4d1n_9,7,27.5181,32.1027,1
4d1n_9,8,21.2775,14.92,1
4d1n_9,9,18.9554,25.3079,1
4d1n_9,10,13.6088,12.9376,0
4v3u_1,1,32.0023,27.4343,0
4v3u_1,2,31.889,28.134,0
4v3u_1,3,31.2901,29.5136,0
4v3u_1,4,26.1379,21.7878,1
4v3u_1,5,24.4068,23.8705,1
4v3u_1,6,24.1475,28.0256,0
4v3u_1,7,23.7506,23.8718,0
4v3u_1,8,23.5897,26.1686,0
4v3u_1,9,22.9885,23.6925,1
4v3u_1,10,20.9894,20.7427,0
4v3u_5,1,33.5593,31.2276,1
4v3u_5,2,33.2614,29.0458,1
4v3u_5,3,31.3205,26.3537,1
4v3u_5,4,25.5523,23.7154,2
4v3u_5,5,24.4102,25.7169,1
4v3u_5,6,23.9013,12.7084,0
4v3u_5,7,20.8492,-10.4302,1
4v3u_5,8,19.6682,12.227,0
4v3u_5,9,19.5112,25.3563,0
4v3u_5,10,18.7956,15.4955,1
4v3u_3,1,34.246,32.2126,1
4v3u_3,2,31.163,4.8619,1
4v3u_3,3,29.6236,22.3805,1
4v3u_3,4,28.7337,29.1233,0
4v3u_3,5,27.4527,37.9581,0
4v3u_3,6,27.0517,21.0636,1
4v3u_3,7,25.5161,27.4329,1
4v3u_3,8,25.0896,19.5629,0
4v3u_3,9,23.7376,31.1491,0
4v3u_3,10,23.5027,20.4739,3
